<?xml version="1.0"?>
<doc>
    <assembly>
        <name>DlhSoft.GanttCharts</name>
    </assembly>
    <members>
        <member name="T:DlhSoft.GanttCharts.GanttChartView">
            <summary>
            Displays task items in a Gantt Chart.
            </summary>
        </member>
        <member name="M:DlhSoft.GanttCharts.GanttChartView.#ctor">
            <summary>
            Creates a new instance of <see cref="T:DlhSoft.GanttCharts.GanttChartView"/>
            </summary>
        </member>
        <member name="M:DlhSoft.GanttCharts.GanttChartView.CreateChildControls">
            <summary>
            Initializes the user interface of the Web part.
            </summary>
        </member>
        <member name="M:DlhSoft.GanttCharts.GanttChartView.GetTaskItems">
            <summary>
            Enumerates task items from SharePoint.
            Overriders may browse other data entitiy types from SharePoint or a custom database enumerating <em>GanttChartItem</em> objects to be displayed in the Gantt Chart for them.
            </summary>
        </member>
        <member name="M:DlhSoft.GanttCharts.GanttChartView.GetBaseControl">
            <summary>
            Returns the base ASP .NET control that provides the internal features of the Web part.
            </summary>
        </member>
        <member name="M:DlhSoft.GanttCharts.GanttChartView.RenderWebPart(System.Web.UI.HtmlTextWriter)">
            <summary>
            Renders the content of the Web part.
            </summary>
        </member>
        <member name="P:DlhSoft.GanttCharts.GanttChartView.DataSource">
            <summary>
            Gets or sets the displayed name of the list to data bind to.
            </summary>
        </member>
        <member name="P:DlhSoft.GanttCharts.GanttChartView.IsReadOnly">
            <summary>
            Gets or sets a value that indicates whether the Gantt Chart is read only.
            </summary>
        </member>
        <member name="P:DlhSoft.GanttCharts.GanttChartView.ContentMember">
            <summary>
            Gets or sets the displayed name of the field to data bind item content string values to.
            </summary>
        </member>
        <member name="P:DlhSoft.GanttCharts.GanttChartView.StartMember">
            <summary>
            Gets or sets the displayed name of the field to data bind item start date and time values to.
            </summary>
        </member>
        <member name="P:DlhSoft.GanttCharts.GanttChartView.FinishMember">
            <summary>
            Gets or sets the displayed name of the field to data bind item finish date and time values to.
            </summary>
        </member>
        <member name="P:DlhSoft.GanttCharts.GanttChartView.CompletionMember">
            <summary>
            Gets or sets the displayed name of the field to data bind item completion numeric values to.
            </summary>
        </member>
        <member name="P:DlhSoft.GanttCharts.GanttChartView.AssignmentsContentMember">
            <summary>
            Gets or sets the displayed name of the field to data bind item assignments content string values to.
            </summary>
        </member>
        <member name="P:DlhSoft.GanttCharts.GanttChartView.TimelinePageDuration">
            <summary>
            Gets or sets the duration of the time line of the Gantt Chart, from the minimum displayed start date.
            </summary>
        </member>
        <member name="T:DlhSoft.GanttCharts.Licensing.GanttChartView">
            <summary>
            Provides licensing delegation utilities for GanttChartView Web part control.
            </summary>
        </member>
        <member name="M:DlhSoft.GanttCharts.Licensing.GanttChartView.SetLicense(System.String)">
            <summary>
            Predefines the license content to be considered for GanttChartView base component instances, at initialization time.
            </summary>
            <param name="licenseContent">The XML content string of the license to be defined for <see cref="T:DlhSoft.Web.UI.WebControls.GanttChartView"/> component type.</param>
        </member>
    </members>
</doc>
